race,level,strength,agility,intellect,stamina,magic_affinity,years_training,power_score,role
Human,40,70,53,49,75,0.06,22,480.6,Warrior
Orc,11,67,49,46,70,0.19,22,408.8,Warrior
Human,48,39,42,79,38,0.88,29,594.5,Mage
Orc,32,12,40,77,37,0.89,9,442.7,Mage
Dragon,36,74,55,27,66,0.19,9,480.9,Warrior
Orc,33,20,42,64,54,0.71,3,426.4,Healer
Elf,24,34,98,56,54,0.23,7,401.0,Archer
Orc,39,26,86,37,61,0.23,21,483.3,Archer
Dwarf,34,73,80,44,60,0.05,19,457.4,Archer
Orc,28,26,34,66,49,0.78,19,473.2,Healer
Elf,37,79,59,25,76,0.19,17,479.3,Warrior
Elf,7,28,45,79,39,0.84,13,381.6,Mage
Human,4,67,60,33,64,0.17,17,342.0,Warrior
Dragon,37,37,19,73,55,0.75,27,609.3,Healer
Orc,1,26,32,76,49,0.89,13,384.6,Mage
Human,1,30,46,58,48,0.79,19,348.8,Healer
Dragon,47,70,57,47,48,0.03,20,560.0,Archer
Orc,20,62,77,56,36,0.17,23,458.2,Archer
Dwarf,19,23,36,69,54,0.77,14,379.3,Healer
Orc,29,10,32,68,52,0.89,21,499.8,Mage
Elf,10,24,37,79,44,0.86,29,437.5,Mage
Elf,18,84,50,36,75,0.23,3,376.5,Warrior
Dwarf,28,42,75,29,62,0.21,12,388.0,Archer
Human,35,72,36,34,59,0.23,26,456.1,Warrior
Dragon,43,70,46,48,80,0.1,22,570.9,Warrior
Orc,47,38,18,65,48,0.74,7,491.0,Healer
Elf,31,26,31,84,48,0.79,17,503.4,Healer
Human,27,80,43,46,78,0.08,11,392.4,Warrior
Dwarf,11,68,71,59,61,0.11,22,389.5,Archer
Elf,49,36,32,58,42,0.66,13,487.0,Healer
Dwarf,49,66,32,17,71,0.16,1,359.6,Warrior
Orc,38,61,31,13,76,0.13,17,433.6,Warrior
Dragon,5,76,47,24,74,0.21,23,427.6,Warrior
Elf,8,83,43,32,60,0.17,1,291.4,Warrior
Elf,34,73,51,24,69,0.21,10,430.2,Warrior
Orc,48,84,24,33,83,0.0,8,450.6,Warrior
Human,12,32,45,46,46,0.71,11,346.6,Healer
Dragon,38,51,90,48,84,0.38,16,572.3,Archer
Elf,1,56,43,16,81,0.18,14,300.9,Warrior
Dragon,31,13,50,78,45,0.9,24,579.0,Mage
Elf,4,26,40,65,48,0.84,16,374.8,Healer
Dragon,49,20,36,66,45,0.63,25,593.7,Healer
Dwarf,45,80,55,33,69,0.04,28,495.9,Warrior
Elf,50,40,28,70,48,0.63,25,560.5,Healer
Dragon,5,76,52,44,70,0.17,17,426.6,Warrior
Human,30,55,77,45,68,0.17,21,433.5,Archer
Dwarf,24,50,83,47,42,0.07,5,324.3,Archer
Dwarf,3,33,65,68,50,0.62,16,360.2,Healer
Human,11,34,43,71,69,0.84,22,432.8,Healer
Dragon,45,22,59,71,28,0.84,23,581.4,Mage
Orc,4,38,50,66,64,0.61,17,412.5,Healer
Human,26,31,65,64,29,1.0,7,426.6,Mage
Dragon,27,40,97,59,41,0.21,8,437.4,Archer
Human,46,56,76,52,53,0.21,5,467.0,Archer
Human,43,81,59,42,63,0.2,4,452.3,Warrior
Elf,27,67,71,52,55,0.17,11,420.2,Archer
Dragon,42,30,60,82,10,0.87,24,605.5,Mage
Orc,50,38,45,69,56,0.6,28,600.6,Healer
Elf,6,74,43,42,68,0.04,27,384.3,Warrior
Human,15,13,29,77,51,0.98,10,383.8,Mage
Human,30,30,35,63,32,0.79,24,448.1,Healer
Human,42,86,46,31,57,0.27,0,416.9,Warrior
Dragon,37,44,85,41,64,0.3,10,505.4,Archer
Dragon,37,51,39,78,39,0.93,18,614.6,Mage
Elf,42,10,45,68,50,0.65,8,434.7,Healer
Orc,37,86,32,27,73,0.0,26,515.4,Warrior
Elf,35,83,45,33,62,0.27,1,413.2,Warrior
Dwarf,23,58,81,59,60,0.18,11,436.1,Archer
Human,6,23,35,80,59,0.5,3,297.2,Healer
Human,4,56,85,31,61,0.34,3,286.7,Archer
Human,18,42,73,42,61,0.23,17,379.7,Archer
Elf,9,26,19,48,52,0.73,14,348.6,Healer
Elf,49,15,56,63,46,0.7,18,526.5,Healer
Human,29,43,35,60,26,0.68,12,408.6,Healer
Elf,13,33,19,81,28,0.94,18,427.6,Mage
Dragon,47,39,58,69,44,0.86,16,609.9,Healer
Dragon,17,73,36,30,67,0.08,5,362.9,Warrior
Elf,45,62,73,48,47,0.2,15,482.5,Archer
Human,32,31,55,92,39,0.81,23,521.8,Mage
Elf,48,48,54,61,39,0.64,11,510.6,Healer
Elf,22,31,40,80,34,1.0,18,465.7,Mage
Elf,4,39,47,68,46,0.73,4,347.6,Healer
Dwarf,5,39,37,88,26,0.88,16,388.2,Mage
Dragon,37,56,83,54,59,0.31,25,597.2,Archer
Orc,41,66,78,48,52,0.16,22,521.4,Archer
Orc,49,70,76,31,78,0.25,25,575.9,Warrior
Dwarf,13,72,63,24,70,0.04,28,377.7,Warrior
Elf,34,33,40,64,55,0.77,0,432.6,Healer
Dwarf,45,21,86,44,47,0.27,27,478.1,Archer
Dwarf,22,21,39,92,50,0.78,26,478.6,Mage
Human,23,22,36,85,46,0.83,24,485.1,Mage
Dragon,3,12,58,88,37,0.79,23,466.3,Mage
Orc,42,85,58,24,92,0.2,22,554.7,Warrior
Elf,34,16,24,73,24,0.98,9,439.7,Mage
Orc,32,71,32,55,64,0.19,14,450.2,Warrior
Orc,45,78,48,28,83,0.01,22,515.9,Warrior
Dragon,49,33,50,59,37,0.85,20,611.5,Healer
Orc,21,28,56,82,42,0.88,20,497.3,Mage
Orc,46,10,39,72,17,0.87,10,468.7,Mage
Dwarf,44,66,84,58,79,0.27,12,516.7,Archer
Dragon,21,40,49,66,49,0.55,4,432.4,Healer
Human,44,56,70,48,60,0.2,0,421.1,Archer
Elf,11,34,38,70,44,0.77,23,409.7,Healer
Orc,39,33,44,68,19,0.81,11,482.7,Mage
Elf,4,72,46,21,81,0.11,10,306.9,Warrior
Human,1,88,48,42,65,0.2,16,341.5,Warrior
Elf,28,95,34,23,61,0.13,3,376.6,Warrior
Human,24,84,56,35,62,0.06,14,383.1,Warrior
Dwarf,35,61,38,33,58,0.26,24,442.9,Warrior
Orc,13,42,86,62,59,0.39,29,460.9,Archer
Human,47,18,35,62,64,0.8,8,460.0,Healer
Elf,34,24,51,98,10,0.83,20,519.4,Mage
Orc,11,57,80,41,64,0.15,19,383.1,Archer
Dwarf,36,31,33,66,51,0.72,18,466.6,Healer
Orc,17,81,32,31,75,0.16,18,392.7,Warrior
Human,35,31,36,61,49,0.76,11,432.3,Healer
Dwarf,18,32,44,49,56,0.49,4,307.1,Healer
Elf,40,76,55,39,72,0.23,9,449.8,Warrior
Dwarf,22,76,47,27,68,0.12,16,377.6,Warrior
Dwarf,24,76,44,21,71,0.2,4,334.1,Warrior
Dragon,19,25,30,87,39,0.98,21,539.4,Mage
Dwarf,37,87,47,32,72,0.12,15,452.9,Warrior
Dwarf,39,36,36,86,51,0.77,6,478.6,Mage
Orc,21,68,32,42,54,0.18,27,434.5,Warrior
Elf,8,36,39,84,31,0.7,8,374.7,Mage
Orc,28,33,40,55,42,0.69,2,376.8,Healer
Orc,5,38,84,56,51,0.06,14,345.2,Archer
Human,17,26,37,57,53,0.72,15,381.0,Healer
Orc,37,33,55,69,39,0.78,17,520.1,Healer
Dragon,36,74,34,33,61,0.23,13,495.4,Warrior
Dragon,19,33,29,80,25,0.87,2,421.1,Mage
Human,27,56,76,47,35,0.1,11,351.4,Archer
Elf,34,75,66,31,67,0.3,8,464.6,Warrior
Elf,11,80,48,32,64,0.17,27,410.5,Warrior
Orc,45,69,54,35,84,0.29,6,481.2,Warrior
Orc,47,33,39,66,50,0.81,8,497.8,Healer
Orc,12,22,38,81,28,0.86,12,377.5,Mage
Elf,21,32,38,82,47,0.85,17,462.8,Mage
Dwarf,11,69,91,54,35,0.13,4,318.1,Archer
Dragon,39,10,48,86,26,0.95,12,549.1,Mage
Dwarf,28,30,47,81,60,0.72,3,412.8,Mage
Dwarf,5,86,46,22,65,0.1,1,284.2,Warrior
Elf,17,78,39,26,57,0.16,15,357.5,Warrior
Dwarf,20,41,46,70,60,0.77,8,429.0,Healer
Human,41,90,43,41,71,0.13,8,459.4,Warrior
Orc,46,90,53,36,79,0.12,5,492.9,Warrior
Human,12,81,60,33,61,0.17,10,335.9,Warrior
Dragon,6,68,40,41,76,0.21,21,417.4,Warrior
Orc,17,28,42,60,65,0.59,23,447.4,Healer
Dwarf,19,79,50,36,60,0.1,21,402.1,Warrior
Dragon,26,56,71,47,66,0.06,0,434.8,Archer
Orc,48,46,72,43,71,0.15,3,440.7,Archer
Dwarf,44,43,67,35,43,0.21,12,409.1,Archer
Human,44,67,77,39,66,0.11,22,489.3,Archer
Orc,32,86,23,36,83,0.13,12,427.9,Warrior
Dwarf,6,69,85,24,50,0.26,12,333.9,Archer
Human,36,86,38,31,68,0.22,1,374.1,Warrior
Dragon,38,29,47,61,50,0.73,8,506.9,Healer
Dragon,11,46,76,35,63,0.11,23,445.8,Archer
Dragon,33,14,49,70,34,0.92,7,504.4,Mage
Dragon,24,41,76,60,53,0.16,6,437.4,Archer
Elf,23,57,85,58,59,0.13,3,376.2,Archer
Orc,15,67,44,26,61,0.16,17,382.6,Warrior
Orc,27,60,81,41,58,0.24,2,397.9,Archer
Elf,11,26,44,72,38,0.85,27,477.5,Mage
Dwarf,50,70,63,19,79,0.05,5,427.7,Warrior
Dwarf,17,75,64,37,68,0.26,11,349.4,Warrior
Dragon,14,24,38,49,43,0.78,11,389.4,Healer
Human,27,32,49,54,52,0.74,20,454.3,Healer
Dwarf,18,46,92,48,60,0.24,27,454.2,Archer
Human,28,18,33,68,45,0.86,7,381.9,Healer
Orc,47,21,42,71,45,0.7,21,564.8,Healer
Human,47,31,41,70,47,0.73,21,544.8,Healer
Orc,4,77,47,31,61,0.23,0,291.7,Warrior
Elf,7,76,42,32,77,0.27,3,321.2,Warrior
Elf,45,78,54,30,64,0.17,20,515.0,Warrior
Dragon,35,33,48,80,48,0.56,27,609.6,Healer
Dwarf,48,65,56,28,58,0.09,10,432.6,Warrior
Dragon,9,29,28,77,51,0.71,2,392.5,Healer
Orc,8,80,47,34,73,0.13,12,363.8,Warrior
Dragon,45,82,44,40,69,0.17,24,597.5,Warrior
Human,17,19,31,93,38,0.71,16,403.2,Mage
Orc,17,51,76,30,56,0.15,21,380.1,Archer
Elf,49,12,33,67,39,0.61,21,501.5,Healer
Dwarf,33,20,28,71,32,0.77,9,402.3,Mage
Orc,32,58,53,31,72,0.13,20,445.7,Warrior
Orc,8,27,23,65,34,0.86,11,366.4,Healer
Human,19,78,47,37,69,0.23,14,405.0,Warrior
Dwarf,38,58,84,57,44,0.13,20,473.4,Archer
Elf,3,16,38,75,38,0.87,9,345.5,Mage
Orc,5,35,92,43,70,0.0,13,346.9,Archer
Orc,13,24,13,69,29,0.77,12,357.4,Mage
Human,47,76,59,32,62,0.23,4,426.5,Warrior
Dragon,46,61,89,39,49,0.18,5,525.4,Archer
Elf,31,45,85,48,54,0.11,23,433.8,Archer
Dwarf,16,67,45,39,69,0.2,1,275.4,Warrior
Orc,50,42,71,59,45,0.19,21,531.0,Archer
Orc,32,43,44,65,43,0.71,16,460.2,Healer
Elf,22,23,33,80,23,0.76,3,348.1,Mage
Dragon,29,26,35,71,33,0.82,13,494.5,Mage
Orc,22,15,44,72,47,0.77,9,401.1,Mage
Elf,43,34,58,69,68,0.69,2,482.8,Healer
Human,3,23,57,75,40,0.8,24,409.3,Mage
Dragon,10,78,28,34,62,0.14,2,348.5,Warrior
Dwarf,42,62,83,39,66,0.07,14,446.1,Archer
Orc,21,32,32,55,46,0.63,5,379.9,Healer
Elf,16,16,45,82,36,0.88,16,407.2,Mage
Human,12,92,15,47,72,0.09,11,332.7,Warrior
Dwarf,2,51,98,24,38,0.35,21,320.7,Archer
Elf,41,72,89,44,55,0.16,19,520.6,Archer
Elf,24,23,23,60,52,0.66,23,427.3,Healer
Dwarf,35,34,29,66,18,0.61,28,474.6,Healer
Human,30,50,39,70,53,0.76,10,459.3,Healer
Human,30,73,44,47,75,0.05,24,438.9,Warrior
Dragon,47,65,33,41,76,0.18,3,482.4,Warrior
Orc,35,22,38,59,38,0.74,25,493.4,Healer
Dwarf,19,28,55,81,39,0.83,27,500.0,Mage
Dwarf,50,62,79,68,64,0.19,25,588.7,Archer
Dwarf,8,63,77,58,59,0.27,5,324.7,Archer
Human,26,58,48,36,73,0.14,0,328.2,Warrior
Orc,49,59,67,56,59,0.05,19,502.6,Archer
Dragon,40,23,45,84,36,0.83,22,591.5,Mage
Elf,7,39,79,43,56,0.19,27,374.2,Archer
Elf,30,49,42,22,75,0.22,15,405.0,Warrior
Dwarf,7,80,33,37,67,0.16,14,304.2,Warrior
Orc,3,21,27,87,47,0.81,16,389.7,Mage
Human,1,28,39,71,34,0.85,7,307.5,Mage
Orc,36,47,88,44,35,0.0,27,473.9,Archer
Orc,25,61,82,59,45,0.28,25,519.1,Archer
Human,37,85,35,43,72,0.1,11,445.0,Warrior
Dwarf,1,31,39,81,46,0.84,26,404.8,Mage
Orc,15,27,25,64,42,0.8,21,417.2,Mage
Elf,37,17,47,66,24,0.87,20,470.3,Mage
Human,13,42,90,44,55,0.18,9,326.8,Archer
Dragon,40,13,57,80,28,0.91,26,633.9,Mage
Dwarf,8,84,46,45,61,0.21,14,348.2,Warrior
Human,5,79,62,37,69,0.11,29,401.9,Warrior
Dragon,9,51,87,47,58,0.25,8,394.3,Archer
Dragon,1,32,48,57,64,0.55,1,343.8,Healer
Orc,36,61,66,37,50,0.19,4,413.6,Archer
Orc,35,38,55,57,49,0.7,5,454.8,Healer
Orc,2,10,28,92,26,0.67,6,310.5,Mage
Human,40,54,75,40,50,0.22,20,455.5,Archer
Human,23,61,40,33,63,0.16,24,370.6,Warrior
Dwarf,9,23,37,92,27,0.92,0,339.1,Mage
Orc,34,71,26,44,72,0.29,22,475.2,Warrior
Dragon,46,33,37,78,37,0.83,25,635.0,Mage
Elf,14,55,87,42,79,0.0,6,352.1,Archer
Dwarf,4,25,38,54,60,0.7,19,325.6,Healer
Human,30,16,52,85,29,0.77,24,488.7,Mage
Dwarf,31,41,44,77,49,0.54,29,495.2,Healer
Dwarf,38,28,25,76,47,0.73,11,442.6,Mage
Dwarf,11,85,43,32,57,0.28,15,349.3,Warrior
Dwarf,35,73,31,29,68,0.08,15,413.4,Warrior
Elf,8,13,39,74,11,0.85,10,347.0,Mage
Orc,3,27,40,66,50,0.68,20,361.4,Healer
Dragon,14,54,83,54,48,0.22,3,431.8,Archer
Dwarf,13,64,90,36,41,0.28,12,349.2,Archer
Dwarf,45,62,42,41,81,0.14,6,445.6,Warrior
Dwarf,32,61,69,40,83,0.17,3,387.0,Archer
Orc,34,54,54,18,81,0.0,14,398.9,Warrior
Human,45,56,64,36,62,0.25,18,470.5,Archer
Human,19,15,51,81,45,0.82,8,381.1,Mage
Elf,38,69,35,31,84,0.15,10,456.9,Warrior
Human,16,75,32,35,74,0.16,7,318.8,Warrior
Dwarf,2,22,32,76,22,0.88,0,265.4,Mage
Dwarf,40,72,60,48,82,0.11,22,500.9,Warrior
Dwarf,17,51,87,44,55,0.38,24,421.4,Archer
Elf,34,57,91,45,53,0.25,23,522.4,Archer
Dwarf,42,71,36,39,78,0.0,7,380.2,Warrior
Human,16,71,76,60,65,0.13,12,383.8,Archer
Orc,38,34,56,66,56,0.83,21,566.4,Healer
Orc,2,67,27,24,69,0.24,26,356.6,Warrior
Dragon,2,24,45,73,52,0.91,3,406.0,Mage
Human,26,22,35,71,44,0.58,7,378.2,Healer
Dwarf,13,81,45,25,65,0.25,2,312.7,Warrior
Orc,47,14,38,76,36,0.97,28,587.9,Mage
Human,31,56,71,47,52,0.16,8,409.2,Archer
Orc,34,24,37,76,43,0.77,28,526.0,Mage
Dwarf,39,32,30,63,47,0.63,1,387.2,Healer
Orc,3,64,73,39,51,0.07,1,278.7,Archer
Dragon,8,82,45,18,62,0.22,27,449.5,Warrior
Dragon,23,55,89,53,40,0.12,12,446.5,Archer
Orc,14,66,41,30,67,0.25,14,348.7,Warrior
Human,27,91,38,36,59,0.12,27,452.1,Warrior
Human,29,30,57,83,42,0.92,22,504.5,Mage
Human,39,31,30,67,31,0.97,11,482.5,Mage
Orc,39,33,53,73,16,0.9,25,554.0,Mage
Human,1,35,43,66,42,0.71,3,284.6,Healer
Dwarf,17,27,26,58,48,0.66,25,409.8,Healer
Dragon,41,20,45,86,35,0.83,7,543.0,Mage
Dwarf,30,28,33,67,55,0.82,8,414.3,Healer
Human,13,47,87,43,53,0.16,22,369.4,Archer
Dwarf,21,69,79,37,45,0.34,4,404.8,Archer
Human,19,19,48,62,60,0.65,23,423.0,Healer
Orc,19,25,51,65,54,0.75,19,466.1,Healer
Dwarf,25,54,76,59,67,0.17,17,415.3,Archer
Orc,22,79,70,43,67,0.16,10,418.0,Warrior
Orc,31,54,83,43,59,0.16,14,473.0,Archer
Elf,17,39,79,37,62,0.09,27,423.3,Archer
