student_id,study_hours_week,attendance_pct,prev_gpa,sleep_hours,assignments_done_pct,part_time_job,final_score,passed
S001,11.2,96.4,2.86,6.1,66.9,0,73.5,1
S002,5.8,90.7,2.46,6.1,63.0,0,52.9,0
S003,13.0,71.4,2.65,8.4,82.8,0,74.2,1
S004,13.8,62.0,3.28,7.2,79.5,0,68.2,1
S005,2.2,44.4,2.9,6.5,49.7,0,39.9,0
S006,4.8,73.5,3.1,7.4,95.2,1,53.8,0
S007,10.5,100.0,3.3,4.3,73.3,1,71.8,1
S008,8.7,85.2,2.68,6.7,55.0,0,57.9,1
S009,9.9,73.3,3.35,9.2,96.4,0,81.4,1
S010,6.6,85.6,3.13,7.0,86.3,0,57.9,1
S011,13.5,61.3,2.16,6.9,52.2,0,52.7,0
S012,13.1,76.4,3.77,7.5,100.0,0,69.1,1
S013,10.3,81.2,2.6,7.9,86.9,1,72.2,1
S014,14.5,79.0,1.91,4.4,74.8,1,59.5,1
S015,11.9,89.5,2.27,4.8,100.0,0,63.2,1
S016,6.6,84.1,2.29,7.1,77.9,0,60.3,1
S017,11.5,88.0,2.93,5.9,74.5,1,65.6,1
S018,6.2,71.7,2.74,8.4,63.1,1,58.6,1
S019,13.5,90.8,2.7,6.4,85.5,0,61.4,1
S020,9.8,99.5,,4.5,83.6,0,66.4,1
S021,9.3,68.4,3.1,5.3,75.3,1,53.0,0
S022,7.3,69.3,3.09,3.5,60.8,1,38.1,0
S023,14.9,96.0,3.15,6.5,77.3,0,78.1,1
S024,9.4,77.7,3.27,6.6,73.7,1,58.2,1
S025,8.3,96.8,1.64,6.3,51.0,0,56.2,1
S026,8.6,74.7,2.68,8.1,48.5,1,64.2,1
S027,12.1,97.5,1.59,8.2,85.2,0,62.6,1
S028,11.5,81.6,2.92,6.6,28.2,0,57.8,1
S029,11.7,83.1,2.9,4.2,78.7,0,64.6,1
S030,11.7,98.8,3.53,7.5,66.4,0,77.8,1
S031,18.6,75.7,3.61,7.5,98.5,0,72.2,1
S032,8.4,68.7,3.02,7.2,66.1,0,54.9,0
S033,8.0,74.6,2.6,8.0,86.9,0,64.4,1
S034,6.7,85.4,3.19,5.4,67.9,0,59.2,1
S035,12.5,61.2,2.58,9.2,77.0,1,49.2,0
S036,14.5,87.6,2.9,5.6,88.3,1,59.8,1
S037,9.5,73.5,3.49,7.7,66.7,1,68.1,1
S038,6.6,93.8,2.57,4.8,92.9,0,59.4,1
S039,6.7,51.3,3.38,5.7,57.1,0,46.7,0
S040,12.6,70.6,3.31,8.6,80.3,1,64.7,1
S041,13.0,59.8,2.33,6.5,91.6,0,61.2,1
S042,12.2,70.1,3.48,7.8,86.9,0,73.7,1
S043,7.3,83.0,3.32,7.1,100.0,1,53.7,0
S044,10.9,77.8,2.96,6.7,61.3,1,54.5,0
S045,10.5,77.0,2.44,8.4,50.2,0,60.6,1
S046,10.9,78.1,2.38,6.5,57.1,1,54.1,0
S047,13.5,82.4,2.58,4.7,86.9,0,68.0,1
S048,10.9,67.9,3.23,5.8,84.0,1,54.0,0
S049,12.7,88.5,2.33,7.5,76.8,0,67.6,1
S050,10.3,88.0,3.16,7.3,54.8,0,70.3,1
S051,11.2,84.6,2.15,4.9,88.8,0,63.6,1
S052,12.5,86.7,2.78,5.9,53.0,0,64.3,1
S053,4.2,83.6,2.97,6.1,95.9,1,48.2,0
S054,8.7,100.0,4.0,6.4,100.0,0,69.9,1
S055,8.1,79.0,2.07,5.1,81.6,1,49.4,0
S056,7.4,76.3,3.78,6.0,85.5,1,65.7,1
S057,8.9,71.0,2.99,5.9,66.1,0,57.5,1
S058,16.0,67.6,3.15,7.7,42.4,1,56.0,1
S059,6.5,65.1,2.97,7.8,64.2,0,50.9,0
S060,13.9,69.3,3.17,6.6,55.3,0,65.5,1
S061,3.3,79.2,2.81,6.3,49.0,0,40.8,0
S062,8.7,84.0,3.77,7.0,100.0,1,68.5,1
S063,10.7,80.6,2.63,5.8,79.9,1,60.9,1
S064,12.3,70.8,3.58,5.4,81.8,1,68.4,1
S065,12.8,90.8,2.51,5.7,69.4,1,67.9,1
S066,13.2,88.9,2.86,,71.9,1,68.5,1
S067,8.6,78.1,2.26,5.4,92.4,0,52.5,0
S068,8.2,72.2,3.17,7.0,74.4,1,51.5,0
S069,13.4,86.6,3.77,7.7,84.6,0,75.4,1
S070,9.2,82.3,2.85,4.9,71.5,0,57.5,1
S071,4.9,62.6,2.78,6.8,68.8,0,41.3,0
S072,5.5,79.2,2.23,6.5,49.7,0,43.8,0
S073,6.3,83.1,2.76,7.2,39.4,0,49.3,0
S074,12.0,69.2,1.94,6.8,70.3,0,54.1,0
S075,10.6,82.3,2.35,5.1,76.0,0,58.0,1
S076,12.8,62.5,3.04,5.3,51.8,0,65.6,1
S077,8.3,96.0,3.69,6.8,74.4,1,65.0,1
S078,10.6,95.0,4.0,8.0,76.0,0,87.5,1
S079,12.5,77.0,2.55,4.1,36.2,0,57.3,1
S080,8.8,84.4,3.76,7.2,58.5,0,64.1,1
S081,11.8,51.1,3.05,8.2,82.3,0,63.1,1
S082,7.4,66.1,2.81,6.6,82.0,0,56.7,1
S083,8.5,76.5,3.16,7.5,54.2,1,57.8,1
S084,8.5,67.1,2.94,6.0,77.9,0,68.0,1
S085,5.2,88.6,2.97,6.7,93.4,1,48.8,0
S086,11.9,100.0,2.66,4.9,89.0,1,68.4,1
S087,8.1,65.9,2.06,4.0,73.3,0,49.9,0
S088,10.0,70.0,1.97,7.9,66.6,1,44.0,0
S089,11.9,82.8,3.29,5.6,63.7,0,70.1,1
S090,11.8,99.3,2.73,6.3,83.4,1,71.3,1
S091,12.7,65.3,2.54,5.1,78.5,1,52.0,0
S092,9.6,83.0,2.91,5.1,86.3,1,58.8,1
S093,8.3,100.0,3.38,6.6,77.4,1,54.5,0
S094,9.7,60.2,3.01,5.9,89.7,1,50.0,0
S095,3.3,64.6,2.51,7.3,76.7,1,43.4,0
S096,4.2,74.9,3.64,7.3,89.1,0,53.2,0
S097,4.7,73.8,3.85,7.2,90.7,1,48.5,0
S098,6.0,89.8,3.2,7.1,60.5,1,54.3,0
S099,11.6,82.9,3.48,8.7,42.5,0,64.9,1
S100,6.4,58.7,3.65,5.5,100.0,1,51.4,0
S101,8.5,86.2,3.58,6.7,79.6,0,70.0,1
S102,15.2,73.1,3.27,8.2,44.1,0,60.9,1
S103,8.6,95.3,3.26,8.3,62.2,0,61.3,1
S104,13.0,72.5,3.21,5.1,88.9,0,68.0,1
S105,6.3,72.4,2.24,6.4,70.0,1,49.9,0
S106,9.2,86.5,3.32,8.4,65.8,0,72.3,1
S107,6.2,89.2,2.09,7.4,100.0,0,52.6,0
S108,8.6,85.4,2.42,7.0,56.1,0,61.7,1
S109,13.4,59.8,3.68,6.5,60.6,0,62.0,1
S110,3.1,86.5,3.4,6.3,78.8,1,55.9,1
S111,11.7,67.6,3.79,7.1,82.0,1,60.0,1
S112,11.0,82.8,2.74,6.5,83.9,0,71.6,1
S113,7.6,62.9,2.21,,91.4,0,49.8,0
S114,4.2,85.4,2.76,6.9,78.6,0,60.7,1
S115,10.3,70.3,2.96,6.0,83.8,0,65.3,1
S116,7.9,64.6,2.95,7.4,70.3,0,51.5,0
S117,10.9,88.6,3.58,,76.1,0,71.1,1
S118,10.1,82.9,2.68,4.7,76.9,0,64.6,1
S119,16.4,72.6,3.11,,78.9,0,74.4,1
S120,9.0,97.4,2.31,5.9,88.9,0,61.9,1
S121,5.9,74.7,3.17,7.5,85.0,0,57.3,1
S122,10.7,80.4,2.9,6.9,75.8,1,64.3,1
S123,10.9,83.2,2.45,7.7,60.4,1,58.3,1
S124,15.4,72.6,2.76,8.2,76.2,0,61.1,1
S125,13.3,85.7,2.79,7.0,74.5,1,59.8,1
S126,11.4,73.6,2.74,8.2,78.5,1,61.9,1
S127,15.9,75.1,3.96,4.0,100.0,0,80.1,1
S128,5.2,96.4,2.84,8.7,65.6,0,64.7,1
S129,7.4,67.5,2.75,7.3,82.6,0,60.2,1
S130,6.3,51.0,1.64,8.1,94.2,1,43.3,0
S131,8.4,99.3,2.36,5.3,76.8,0,63.6,1
S132,4.5,100.0,2.74,5.8,100.0,1,48.5,0
S133,12.5,75.1,2.49,7.0,68.2,0,61.6,1
S134,9.1,56.8,3.73,6.8,80.8,0,58.6,1
S135,4.1,76.3,2.8,7.1,60.6,1,36.7,0
S136,5.9,76.6,3.67,8.1,68.7,0,60.9,1
S137,11.3,77.7,2.94,4.7,79.5,1,60.1,1
S138,13.4,66.6,2.92,8.0,90.2,1,67.1,1
S139,18.0,87.0,2.85,6.8,80.7,1,68.8,1
S140,21.7,86.3,2.9,6.6,97.7,0,70.5,1
S141,11.7,62.1,3.93,5.0,73.3,1,64.9,1
S142,6.0,88.4,1.51,7.4,69.0,0,48.0,0
S143,1.5,100.0,1.7,3.9,100.0,0,39.8,0
S144,11.1,82.1,2.57,7.6,82.1,1,57.2,1
S145,6.7,76.0,2.91,5.0,62.0,1,50.5,0
S146,8.3,78.3,3.31,6.9,62.5,0,64.3,1
S147,7.6,87.4,3.18,6.7,58.0,0,56.2,1
S148,9.4,59.2,,8.2,91.9,1,56.4,1
S149,14.3,82.0,3.51,6.6,68.4,1,63.8,1
S150,10.6,75.3,3.52,6.0,77.3,0,63.7,1
S151,9.4,100.0,3.01,6.2,73.9,1,56.4,1
S152,5.9,77.9,3.48,8.3,88.2,0,67.0,1
S153,3.3,100.0,3.06,7.4,59.8,0,56.2,1
S154,8.1,66.8,2.56,6.3,55.6,0,54.9,0
S155,9.8,87.0,3.32,,79.0,1,72.8,1
S156,17.1,83.8,2.97,,85.8,0,68.1,1
S157,10.5,69.6,2.9,7.3,81.0,0,78.3,1
S158,13.9,82.1,3.78,4.7,60.4,0,68.4,1
S159,8.0,94.6,1.43,7.7,87.2,1,53.3,0
S160,5.3,76.1,2.05,7.0,61.6,0,43.6,0
S161,6.1,59.7,2.19,9.7,65.6,0,50.5,0
S162,7.1,79.8,2.68,5.5,58.0,1,53.0,0
S163,18.5,69.2,2.75,6.7,98.4,0,67.2,1
S164,6.7,75.9,2.0,9.0,86.4,0,62.8,1
S165,13.4,79.0,2.31,8.2,85.9,0,67.4,1
S166,6.4,59.5,2.38,6.0,97.4,1,47.9,0
S167,13.7,60.6,4.0,7.1,100.0,0,68.9,1
S168,11.5,85.8,3.98,6.8,44.2,0,71.4,1
S169,9.4,73.7,2.65,7.1,61.7,0,57.5,1
S170,9.8,49.2,2.68,6.0,63.9,1,46.3,0
S171,7.4,89.4,2.21,6.7,59.7,1,46.1,0
S172,11.8,83.3,1.76,4.9,55.6,0,68.6,1
S173,8.2,71.4,2.83,7.0,69.6,0,56.0,1
S174,5.1,64.2,2.3,7.3,53.1,1,32.3,0
S175,4.9,90.0,2.85,6.5,81.0,0,50.5,0
S176,10.7,84.2,1.94,4.9,75.9,0,57.2,1
S177,16.3,100.0,2.44,8.0,83.7,0,74.7,1
S178,10.6,85.0,2.99,7.2,84.1,0,70.0,1
S179,9.5,84.7,3.12,5.9,85.9,0,68.5,1
S180,11.1,78.0,3.15,6.5,68.3,0,61.6,1
S181,15.2,89.8,2.11,5.0,100.0,0,68.4,1
S182,10.9,87.5,3.41,5.6,79.2,0,64.0,1
S183,8.4,95.0,2.42,6.2,41.5,1,48.6,0
S184,14.4,73.7,3.28,8.3,57.0,0,63.7,1
S185,11.7,74.8,2.89,6.0,43.7,0,54.0,0
S186,16.1,74.3,2.07,7.6,75.3,1,64.5,1
S187,10.7,89.5,2.71,6.2,72.8,0,67.6,1
S188,5.1,98.0,3.12,7.1,66.6,1,57.6,1
S189,4.5,74.5,3.27,6.6,100.0,0,55.0,0
S190,16.6,74.9,2.82,7.8,84.9,1,69.1,1
S191,16.9,83.8,3.82,6.2,88.1,0,66.9,1
S192,9.3,77.1,3.5,4.9,58.2,0,65.4,1
S193,8.5,91.4,2.75,5.1,57.0,0,58.9,1
S194,15.8,53.0,3.35,6.2,75.7,0,68.3,1
S195,5.6,70.1,4.0,5.3,78.1,0,59.2,1
S196,6.4,70.6,4.0,7.3,41.6,1,48.2,0
S197,12.6,52.2,2.16,6.2,71.8,1,44.1,0
S198,8.4,68.4,2.34,9.6,75.3,0,54.0,0
S199,10.0,69.0,3.79,4.7,71.1,1,62.6,1
S200,9.3,77.6,2.27,7.0,60.4,1,55.7,1
S201,11.4,93.4,2.11,5.4,65.3,1,49.7,0
S202,15.6,77.1,2.61,6.2,71.8,1,56.2,1
S203,10.4,67.6,3.15,7.0,76.6,1,55.6,1
S204,12.6,79.3,2.84,4.0,85.9,0,62.7,1
S205,1.8,92.6,2.51,7.1,94.5,1,34.0,0
S206,9.8,68.3,2.5,9.1,69.7,1,48.7,0
S207,6.6,69.1,2.47,6.3,66.8,0,46.0,0
S208,5.1,86.7,2.37,7.1,82.9,0,52.4,0
S209,6.5,77.3,4.0,8.0,86.0,0,58.8,1
S210,8.7,87.8,3.08,6.6,67.2,1,57.8,1
S211,13.7,79.8,3.43,6.1,89.2,0,76.9,1
S212,4.7,88.4,2.61,4.1,92.6,1,40.1,0
S213,10.1,67.6,2.79,7.6,98.3,1,58.8,1
S214,8.1,79.9,2.47,6.7,100.0,1,61.0,1
S215,8.7,77.5,,5.6,59.4,0,45.7,0
S216,14.0,65.4,2.07,7.0,75.3,1,53.1,0
S217,12.2,61.2,1.81,6.1,75.2,1,57.0,1
S218,15.3,88.2,1.55,6.2,73.2,0,59.5,1
S219,9.4,75.8,2.18,7.5,63.3,1,57.9,1
S220,7.2,67.7,3.69,5.2,48.3,0,57.5,1
S221,9.1,78.8,2.87,8.1,76.7,0,61.0,1
S222,11.0,93.5,3.67,5.1,61.2,0,71.1,1
S223,10.7,52.6,3.15,6.0,76.5,0,61.3,1
S224,5.7,62.0,3.37,9.1,60.7,0,58.9,1
S225,10.4,68.9,2.36,8.2,55.2,0,54.5,0
S226,10.9,97.5,3.21,6.9,79.2,0,70.8,1
S227,20.1,83.4,3.34,5.7,77.7,0,69.3,1
S228,17.5,89.2,2.55,6.2,85.4,0,72.4,1
S229,6.6,66.3,3.24,6.9,100.0,0,53.6,0
S230,8.9,66.6,3.24,6.8,80.0,1,62.3,1
S231,4.1,85.4,2.57,6.7,83.7,1,48.1,0
S232,7.6,80.7,2.23,6.8,55.6,0,45.9,0
S233,11.3,86.6,2.19,6.5,51.8,1,61.1,1
S234,14.8,77.7,2.95,5.1,100.0,0,80.4,1
S235,7.1,83.3,3.1,6.2,58.4,1,57.8,1
S236,7.4,81.9,2.42,7.9,56.2,0,61.7,1
S237,1.4,89.3,2.92,5.2,74.3,1,37.3,0
S238,9.3,89.7,3.24,6.6,73.4,1,53.4,0
S239,5.8,60.6,3.27,5.8,58.8,1,36.4,0
S240,7.9,53.0,3.83,6.9,69.5,0,60.2,1
S241,6.5,92.0,3.67,6.3,97.1,0,62.3,1
S242,9.6,94.3,2.3,8.6,60.5,0,57.3,1
S243,3.0,67.8,3.91,7.4,49.9,1,42.9,0
S244,4.1,57.7,2.58,5.2,92.0,1,42.8,0
S245,18.5,81.2,3.53,7.6,83.9,1,62.7,1
S246,4.9,91.2,2.94,5.9,63.8,0,49.7,0
S247,5.6,100.0,2.65,6.1,46.5,0,59.8,1
S248,17.3,86.2,1.82,7.2,61.6,0,56.6,1
S249,21.6,75.5,2.8,6.2,74.0,0,67.7,1
S250,5.3,69.3,1.96,7.9,96.0,0,46.5,0
S251,8.5,80.1,3.48,5.9,56.3,0,63.7,1
S252,11.4,76.4,3.81,6.1,73.5,1,70.5,1
S253,16.9,67.8,2.42,6.0,87.2,0,67.6,1
S254,6.1,100.0,3.08,,32.1,0,58.8,1
S255,9.0,100.0,2.46,8.1,93.6,0,60.7,1
S256,13.1,93.6,2.52,7.6,53.7,1,67.2,1
S257,11.7,68.9,3.36,8.9,81.0,1,60.7,1
S258,8.5,90.3,2.88,9.5,79.4,0,67.0,1
S259,9.5,87.7,3.94,5.6,94.5,0,72.5,1
S260,4.5,85.3,2.61,6.9,84.9,0,53.8,0
S261,9.0,95.0,3.5,5.4,32.2,0,63.3,1
S262,8.9,87.6,2.96,5.9,60.9,0,56.4,1
S263,10.9,88.9,3.38,6.0,77.5,0,62.0,1
S264,7.8,87.6,2.63,5.5,71.5,1,57.6,1
S265,11.9,84.1,2.87,5.5,83.6,0,67.1,1
S266,14.1,58.6,2.83,6.6,89.2,1,66.3,1
S267,10.6,81.0,2.4,5.3,86.0,0,61.0,1
S268,11.4,73.3,3.3,7.8,71.1,1,55.8,1
S269,10.2,64.6,3.29,5.7,41.8,1,58.5,1
S270,10.0,100.0,3.26,10.0,66.8,1,65.7,1
S271,7.1,100.0,3.82,6.3,82.5,0,69.2,1
S272,11.3,96.3,3.77,6.9,55.4,0,68.0,1
S273,9.6,83.1,2.68,5.2,86.4,1,65.9,1
S274,18.4,96.2,3.12,8.8,91.4,1,68.4,1
S275,16.3,80.1,2.53,8.1,77.3,0,66.2,1
S276,11.5,82.4,2.91,7.2,19.9,0,60.2,1
S277,6.9,66.9,2.54,5.2,52.0,0,42.6,0
S278,5.6,84.8,3.87,7.1,100.0,1,61.4,1
S279,14.8,80.7,3.12,5.5,65.2,1,71.1,1
S280,11.1,64.4,2.77,8.6,39.3,0,55.9,1
S281,11.9,79.4,3.62,7.8,97.2,0,75.6,1
S282,3.0,79.0,1.6,6.9,75.2,0,24.6,0
S283,13.7,100.0,1.69,3.9,94.9,0,63.5,1
S284,11.8,90.7,3.38,5.6,80.0,0,68.6,1
S285,5.6,80.1,,7.6,83.3,1,47.7,0
S286,8.1,83.0,3.05,8.3,81.5,0,68.9,1
S287,11.1,80.5,2.1,8.1,87.6,0,61.3,1
S288,10.2,77.6,2.89,4.9,100.0,0,63.2,1
S289,8.8,67.0,4.0,7.2,92.5,0,65.7,1
S290,9.6,78.2,3.39,8.0,46.6,0,53.3,0
S291,9.0,71.0,3.0,4.8,83.0,0,53.6,0
S292,10.6,65.0,2.64,6.8,95.5,0,66.8,1
S293,15.9,86.1,2.66,7.1,96.6,1,56.6,1
S294,0.0,84.7,1.62,6.4,67.3,0,23.4,0
S295,9.1,58.6,,4.6,96.0,0,56.5,1
S296,10.7,78.5,3.41,6.4,91.7,0,77.4,1
S297,11.2,91.9,1.95,6.4,100.0,1,64.1,1
S298,8.5,92.7,2.5,6.6,61.5,0,56.1,1
S299,3.0,92.3,2.21,6.1,65.9,1,45.1,0
S300,11.3,80.5,2.32,,69.5,1,52.8,0
S301,16.9,69.9,2.93,6.8,66.2,1,66.6,1
S302,3.9,67.0,1.65,7.3,59.0,0,30.6,0
S303,13.5,84.1,3.27,6.4,25.3,1,65.4,1
S304,8.7,84.6,3.35,6.3,67.2,0,61.1,1
S305,9.8,95.4,2.75,6.9,81.6,0,60.8,1
S306,5.8,93.2,1.41,4.5,66.1,0,43.6,0
S307,8.7,78.4,2.3,7.4,100.0,0,61.9,1
S308,15.2,65.1,3.64,6.8,75.2,0,67.3,1
S309,12.3,76.2,1.23,6.8,98.2,0,61.1,1
S310,16.9,82.6,2.69,8.0,79.7,0,66.6,1
S311,14.7,77.6,2.19,4.5,89.9,0,65.9,1
S312,11.8,73.1,3.38,4.4,80.0,0,67.6,1
S313,17.0,83.0,2.49,7.1,99.6,1,65.7,1
S314,11.8,74.0,3.14,6.8,76.0,0,63.8,1
S315,13.3,72.5,3.24,7.0,83.9,0,69.7,1
S316,8.8,83.7,4.0,6.2,81.6,0,71.5,1
S317,10.3,75.2,2.78,7.6,69.8,0,72.4,1
S318,7.2,82.9,3.13,7.9,82.3,0,66.4,1
S319,14.0,83.3,2.01,7.4,100.0,0,71.4,1
S320,5.3,66.3,3.61,6.5,70.1,0,69.1,1
S321,13.1,74.2,2.44,4.3,82.6,0,64.1,1
S322,9.2,97.3,2.56,7.7,97.6,0,69.4,1
S323,14.7,66.1,2.89,8.3,95.5,0,72.6,1
S324,13.0,54.6,1.96,7.6,75.2,0,52.0,0
S325,17.3,57.7,3.04,5.7,32.1,0,56.4,1
S326,12.9,80.3,3.48,7.6,84.3,0,69.8,1
S327,3.7,80.4,3.08,7.8,35.0,0,49.0,0
S328,9.7,78.6,,8.7,100.0,0,60.8,1
S329,5.3,94.6,2.83,5.7,78.1,0,55.5,1
S330,7.9,47.9,3.35,6.5,93.0,0,62.9,1
S331,16.0,84.8,1.77,7.7,58.8,0,65.9,1
S332,12.6,98.7,2.26,6.9,47.1,1,58.3,1
S333,7.2,66.5,3.43,5.5,79.7,0,54.1,0
S334,5.9,75.4,3.06,7.3,74.4,0,60.9,1
S335,10.1,71.0,3.15,7.5,66.2,0,66.6,1
S336,5.1,69.3,4.0,6.9,76.5,1,45.3,0
S337,7.3,76.1,3.18,7.1,100.0,0,60.6,1
S338,11.2,97.1,3.29,6.5,90.0,0,73.1,1
S339,14.6,100.0,4.0,8.6,93.9,1,82.6,1
S340,12.4,76.0,2.77,5.7,90.2,0,70.1,1
S341,0.8,100.0,,6.1,100.0,1,39.3,0
S342,11.2,80.4,3.16,6.8,71.6,0,69.1,1
S343,10.3,100.0,3.16,7.9,38.0,0,66.2,1
S344,11.7,78.9,2.58,5.0,71.6,0,57.8,1
S345,16.5,81.6,2.28,5.2,89.6,0,64.0,1
S346,1.7,84.4,4.0,4.4,57.5,1,40.9,0
S347,7.6,100.0,3.1,6.8,71.8,0,63.4,1
S348,12.4,90.2,2.46,5.5,62.5,1,49.5,0
S349,3.7,71.5,3.45,6.3,100.0,0,50.4,0
S350,15.9,91.6,2.83,7.6,88.5,0,73.1,1
S351,11.5,75.7,2.75,6.0,86.7,1,58.7,1
S352,13.4,74.1,3.24,7.1,86.2,0,68.5,1
S353,7.7,90.9,2.12,6.4,74.3,1,54.5,0
S354,13.3,80.4,3.11,7.6,78.6,0,64.3,1
S355,14.3,83.3,4.0,7.4,53.7,1,61.0,1
S356,10.9,80.2,3.18,6.0,35.6,0,59.0,1
S357,10.9,84.0,2.67,,77.7,0,68.0,1
S358,11.1,85.1,2.6,8.1,80.8,1,70.4,1
S359,6.5,56.8,2.65,7.3,96.8,0,57.1,1
S360,9.4,88.0,2.75,5.1,100.0,0,56.9,1
S361,9.4,68.2,2.67,7.6,100.0,0,61.1,1
S362,11.5,62.7,3.45,5.5,57.0,1,59.0,1
S363,14.0,79.3,1.86,8.5,68.7,0,63.1,1
S364,5.8,81.0,3.42,8.0,83.6,1,58.5,1
S365,9.5,71.7,2.67,7.1,100.0,1,54.1,0
S366,15.9,90.0,3.13,7.0,100.0,0,75.3,1
S367,7.0,63.9,2.22,6.5,95.1,0,54.4,0
S368,6.7,75.1,3.7,7.6,68.0,1,60.6,1
S369,10.8,73.0,3.65,,59.1,0,61.1,1
S370,13.4,79.4,3.48,7.1,89.2,0,70.8,1
S371,10.0,83.3,1.99,7.8,55.2,1,39.6,0
S372,15.3,67.9,3.4,6.1,70.7,0,64.6,1
S373,13.4,88.7,3.14,6.1,72.9,0,66.9,1
S374,13.4,80.8,1.94,,100.0,1,54.1,0
S375,12.2,57.3,2.89,5.5,68.6,0,60.3,1
S376,19.3,56.5,3.12,4.6,31.1,0,56.6,1
S377,9.2,79.9,3.23,7.7,84.1,0,54.4,0
S378,2.0,77.3,3.01,9.0,62.4,1,40.5,0
S379,16.4,78.8,3.07,8.5,75.8,1,62.5,1
S380,8.2,79.7,3.78,4.8,73.4,0,65.4,1
S381,10.4,82.7,3.64,7.7,70.1,0,62.7,1
S382,15.2,91.4,1.18,8.5,89.2,0,63.8,1
S383,3.6,66.7,2.71,6.3,47.4,0,38.9,0
S384,5.0,65.9,2.8,6.9,65.7,0,49.3,0
S385,3.6,66.9,1.85,,87.3,1,34.8,0
S386,6.8,83.5,,7.1,63.9,0,55.7,1
S387,11.8,94.9,3.65,5.5,46.0,1,56.7,1
S388,12.1,74.8,2.25,7.0,87.0,0,55.4,1
S389,11.1,50.0,3.1,4.9,95.2,0,57.7,1
S390,4.3,59.6,2.35,7.5,74.2,0,43.5,0
S391,0.8,70.0,2.5,8.0,39.7,0,27.7,0
S392,10.2,73.3,3.79,5.9,87.7,1,67.2,1
S393,8.1,75.1,2.57,5.4,45.1,1,46.5,0
S394,11.8,80.5,3.18,4.2,80.6,1,56.7,1
S395,12.8,76.3,1.78,6.5,59.0,0,55.6,1
S396,10.6,92.6,4.0,6.1,54.1,1,67.1,1
S397,13.0,71.9,3.26,4.9,67.0,0,66.3,1
S398,10.9,69.7,2.79,7.3,71.7,1,67.4,1
S399,12.1,85.7,3.25,6.3,63.4,0,64.0,1
S400,7.2,61.6,2.05,5.5,85.6,0,48.6,0
S401,9.3,84.7,3.61,6.1,67.0,0,67.7,1
S402,10.8,81.2,2.71,8.1,92.6,0,66.8,1
S403,13.3,78.2,2.78,7.5,80.1,0,64.9,1
S404,8.4,99.1,2.61,6.6,62.4,1,49.0,0
S405,12.1,72.5,2.55,7.5,59.4,1,54.7,0
S406,8.9,100.0,3.32,5.4,45.3,1,53.5,0
S407,9.5,77.3,,6.8,80.2,0,54.8,0
S408,13.3,64.7,3.29,7.0,68.6,0,61.9,1
S409,2.0,80.8,2.89,6.2,32.3,0,32.0,0
S410,4.8,67.1,3.21,7.3,65.4,0,53.2,0
S411,4.1,71.0,2.65,5.9,58.8,0,46.3,0
S412,0.7,84.8,4.0,7.4,100.0,0,44.5,0
S413,7.3,86.7,1.96,7.5,44.3,0,49.3,0
S414,13.0,72.5,3.66,3.3,49.1,0,54.1,0
S415,8.9,91.8,3.72,8.2,95.0,0,69.9,1
S416,10.8,93.9,2.39,3.1,99.4,1,61.4,1
S417,14.4,97.2,4.0,6.1,61.6,0,79.7,1
S418,15.3,86.4,3.5,,63.6,1,65.5,1
S419,9.7,96.4,3.48,6.4,86.1,0,75.7,1
S420,15.4,57.4,2.92,5.0,33.1,1,45.6,0
S421,10.4,76.2,2.77,5.5,41.5,1,46.7,0
S422,6.7,69.6,2.77,8.0,69.9,1,53.8,0
S423,7.6,81.4,3.13,4.5,100.0,1,65.5,1
S424,4.1,73.1,3.74,8.2,67.2,1,52.1,0
S425,6.4,78.0,3.01,6.7,76.8,0,56.2,1
S426,8.6,100.0,,,95.4,0,51.4,0
S427,13.2,78.0,3.39,6.1,100.0,0,61.9,1
S428,16.9,85.0,3.45,5.6,64.6,0,71.0,1
S429,4.5,77.2,3.29,7.8,74.7,0,51.7,0
S430,11.6,80.9,3.35,7.7,100.0,0,66.6,1
S431,5.8,80.1,2.74,4.7,47.6,0,48.5,0
S432,11.9,85.4,,6.3,93.5,0,65.8,1
S433,9.5,94.0,2.38,5.8,56.7,0,63.5,1
S434,2.7,99.8,1.92,8.4,76.8,0,45.6,0
S435,13.7,83.7,3.04,5.2,70.6,1,69.1,1
S436,7.6,87.1,2.85,8.7,57.8,1,55.6,1
S437,7.9,66.2,2.64,6.8,57.3,0,52.1,0
S438,5.7,78.9,1.13,5.4,80.0,0,47.8,0
S439,7.4,91.3,2.15,6.0,92.9,0,52.4,0
S440,11.7,90.4,3.57,5.8,72.7,0,84.5,1
S441,9.2,82.5,2.5,5.3,76.3,1,56.5,1
S442,11.3,90.6,,6.9,85.3,0,71.8,1
S443,11.4,85.9,2.07,5.3,57.5,1,56.5,1
S444,15.3,94.4,3.76,4.2,88.3,0,84.7,1
S445,8.6,83.5,2.81,6.3,89.7,1,62.2,1
S446,4.1,75.7,3.07,4.6,100.0,0,42.6,0
S447,14.3,84.0,4.0,5.9,68.2,0,80.6,1
S448,8.7,44.8,3.81,5.7,66.8,1,51.5,0
S449,14.5,84.6,2.72,5.8,88.8,0,68.9,1
S450,11.5,36.2,2.54,9.2,89.7,1,48.3,0
S451,9.5,59.3,2.7,6.9,65.4,0,58.6,1
S452,11.4,85.4,3.21,7.1,67.7,0,64.3,1
S453,17.8,85.7,2.84,4.7,84.7,0,68.7,1
S454,18.3,66.1,2.66,6.0,60.1,1,56.0,1
S455,10.3,71.5,3.78,7.1,67.6,0,76.2,1
S456,10.6,96.4,2.83,5.6,76.6,1,71.9,1
S457,14.3,74.2,4.0,7.9,92.9,1,72.8,1
S458,6.6,100.0,2.95,5.4,64.1,1,54.3,0
S459,11.3,80.0,3.97,6.5,41.8,0,65.4,1
S460,9.9,84.9,3.11,6.1,40.5,1,62.0,1
S461,11.3,99.4,3.48,7.0,52.3,1,64.2,1
S462,6.7,81.6,2.47,6.0,51.4,0,48.5,0
S463,3.6,68.0,2.39,6.5,72.2,0,46.9,0
S464,1.7,78.7,3.18,6.5,53.6,0,37.5,0
S465,5.5,79.6,3.49,5.9,62.4,0,54.5,0
S466,8.2,63.6,2.92,7.4,61.1,1,43.7,0
S467,8.8,76.9,2.13,,67.1,0,58.8,1
S468,17.7,71.1,2.08,6.7,98.8,0,74.2,1
S469,14.4,91.1,2.04,6.3,86.9,0,69.5,1
S470,6.2,80.4,1.84,7.8,75.3,0,57.3,1
S471,11.4,76.6,2.97,6.5,66.7,0,59.4,1
S472,8.4,78.7,3.58,6.4,67.2,1,59.9,1
S473,8.9,82.7,2.89,6.9,80.9,0,57.8,1
S474,10.7,87.4,1.54,8.8,85.5,0,59.8,1
S475,12.5,68.0,2.79,5.2,58.7,1,59.6,1
S476,8.6,67.5,2.8,7.7,75.7,0,59.2,1
S477,14.3,93.3,4.0,4.5,38.4,0,63.4,1
S478,5.4,75.1,2.03,7.1,78.8,0,41.3,0
S479,10.0,63.0,2.67,8.7,88.7,1,51.1,0
S480,20.4,85.3,3.92,7.4,70.0,1,72.5,1
S481,10.9,85.6,3.17,7.0,100.0,0,80.8,1
S482,15.7,61.6,3.24,6.1,59.1,0,71.0,1
S483,10.4,82.8,2.97,6.8,78.9,0,55.8,1
S484,12.3,88.8,3.1,6.5,74.4,0,75.9,1
S485,9.8,84.5,3.37,5.9,73.2,0,70.1,1
S486,9.3,87.6,2.41,6.5,72.9,1,48.3,0
S487,6.9,63.1,3.43,7.0,76.9,1,51.8,0
S488,11.7,84.0,,5.9,90.3,0,67.8,1
S489,6.6,76.4,3.1,5.8,99.8,1,57.6,1
S490,12.7,74.2,3.01,5.2,75.0,1,53.9,0
S491,14.3,90.4,2.53,7.3,89.7,0,73.0,1
S492,11.5,97.8,2.89,7.5,62.4,0,57.2,1
S493,8.9,100.0,2.53,,88.8,1,59.8,1
S494,11.8,95.8,2.26,8.0,61.3,0,70.2,1
S495,8.8,78.7,2.69,6.9,94.6,1,58.1,1
S496,13.7,84.2,2.24,,100.0,0,65.4,1
S497,2.7,89.2,3.09,7.2,72.8,0,52.6,0
S498,8.7,81.5,2.21,6.7,35.5,1,53.0,0
S499,2.0,81.6,3.33,6.2,65.1,0,50.5,0
S500,4.0,89.9,2.19,9.5,97.2,0,56.8,1
