StudyHours,Attendance,PrevExamScore,SleepHours,FinalScore_Target_Regression,Pass_Target_Logistic,Grade_Target_MultiClass
3.7,82.1,37.2,4.8,48.6,0,F
9.5,54.2,93.2,5.4,86.4,1,A
7.3,58.1,65.4,4.9,75.8,1,B
6.0,94.9,87.9,4.4,82.7,1,B
1.6,80.3,52.4,4.6,55.4,0,C
1.6,50.5,92.7,6.3,53.9,0,F
0.6,55.1,57.2,5.0,38.5,0,F
8.7,83.2,30.8,5.8,68.2,1,C
6.0,50.3,93.4,6.5,71.4,1,B
7.1,58.0,36.4,7.5,64.5,1,C
0.2,77.4,52.4,4.2,37.1,0,F
9.7,84.6,96.5,8.0,99.8,1,A
8.3,82.6,96.5,7.1,86.7,1,A
2.1,61.2,70.1,4.4,50.3,0,F
1.8,85.6,74.2,8.4,55.1,0,C
1.8,61.9,61.4,8.6,44.0,0,F
3.0,66.3,50.5,4.3,53.3,0,F
5.2,87.3,53.0,5.4,63.3,1,C
4.3,82.5,77.1,8.0,62.3,1,C
2.9,92.5,82.7,7.7,61.1,1,C
6.1,82.9,85.4,4.9,73.5,1,B
1.4,78.4,85.3,5.0,64.7,1,C
2.9,54.7,36.4,5.9,42.9,0,F
3.7,68.4,64.6,6.4,52.0,0,F
4.6,63.3,34.0,7.1,50.3,0,F
7.9,62.2,68.5,5.8,71.6,1,B
2.0,98.7,60.9,6.3,46.6,0,F
5.1,69.7,92.1,7.7,71.8,1,B
5.9,94.6,54.6,4.2,65.9,1,C
0.5,81.6,38.2,5.3,44.7,0,F
6.1,89.7,40.0,7.6,71.3,1,B
1.7,75.1,83.3,8.5,64.0,1,C
0.7,78.8,73.3,6.6,52.1,0,F
9.5,74.6,37.1,6.7,68.0,1,C
9.7,59.8,35.9,4.5,79.1,1,B
8.1,86.1,79.1,6.2,81.9,1,B
3.0,64.0,35.1,6.7,46.2,0,F
1.0,51.2,87.5,5.2,52.0,0,F
6.8,82.3,79.4,5.3,76.4,1,B
4.4,58.9,35.7,5.9,49.0,0,F
1.2,97.0,35.9,4.1,43.6,0,F
5.0,97.7,99.1,5.6,76.1,1,B
0.3,95.7,56.2,5.1,49.3,0,F
9.1,68.5,55.9,5.6,72.5,1,B
2.6,50.8,86.9,4.6,53.8,0,F
6.6,96.4,96.3,8.5,84.8,1,B
3.1,71.4,99.0,7.0,66.2,1,C
5.2,98.3,82.7,7.4,81.1,1,B
5.5,98.2,56.3,7.9,57.9,0,C
1.8,92.7,35.8,6.5,52.5,0,F
9.7,64.7,84.4,4.4,89.2,1,A
7.8,69.3,69.1,6.7,66.1,1,C
9.4,92.6,59.7,6.9,81.1,1,B
8.9,65.8,93.4,7.7,84.2,1,B
6.0,58.5,37.8,6.2,50.3,0,F
9.2,77.8,64.5,4.6,75.9,1,B
0.9,96.8,30.8,5.4,39.6,0,F
2.0,84.8,62.8,5.8,61.9,1,C
0.5,78.5,33.9,7.2,44.7,0,F
3.3,54.9,38.3,6.9,51.5,0,F
3.9,80.8,38.2,5.8,55.9,0,C
2.7,99.5,75.4,8.9,60.9,1,C
8.3,57.0,82.2,7.0,75.8,1,B
3.6,75.9,70.8,5.2,62.4,1,C
2.8,93.9,97.4,4.5,64.2,1,C
5.4,87.0,56.2,4.8,67.2,1,C
1.4,84.9,50.0,5.2,47.9,0,F
8.0,85.1,90.8,4.8,82.4,1,B
0.7,68.0,45.7,4.9,44.7,0,F
9.9,64.7,97.4,5.4,91.2,1,A
7.7,90.5,30.9,4.9,64.4,1,C
2.0,90.5,97.9,8.5,72.6,1,B
0.1,93.4,33.0,4.4,36.8,0,F
8.2,95.7,92.4,6.6,90.6,1,A
7.1,75.6,66.9,6.1,74.4,1,B
7.3,75.1,99.5,8.9,82.6,1,B
7.7,89.9,35.2,4.6,68.2,1,C
0.7,82.5,68.8,6.0,47.3,0,F
3.6,85.1,97.9,8.8,75.9,1,B
1.2,89.8,66.6,8.3,55.0,0,C
8.6,94.5,74.1,8.1,82.6,1,B
6.2,66.9,78.7,5.3,74.4,1,B
3.3,68.8,61.8,4.9,52.4,0,F
0.6,54.7,73.9,7.3,42.9,0,F
3.1,78.9,70.9,8.6,54.9,0,F
3.3,51.8,93.1,6.8,64.6,1,C
7.3,73.3,33.2,6.9,57.5,0,C
6.4,77.1,49.7,5.4,71.3,1,B
8.9,64.3,96.5,7.8,78.0,1,B
4.7,79.5,92.3,4.9,78.0,1,B
1.2,51.5,61.9,5.6,46.2,0,F
7.1,51.9,73.4,6.1,68.9,1,C
7.6,91.1,49.4,6.5,69.8,1,C
5.6,68.0,43.2,5.2,59.1,0,C
7.7,56.4,62.5,4.6,68.2,1,C
4.9,76.1,54.7,7.1,65.5,1,C
5.2,88.5,70.9,5.4,69.1,1,C
4.3,60.8,35.4,6.9,50.7,0,F
0.3,81.1,98.2,4.8,57.5,0,C
1.1,54.3,99.0,6.4,56.9,0,C
0.3,52.6,78.9,6.7,49.7,0,F
6.4,76.6,67.5,4.3,62.1,1,C
3.1,77.0,51.7,5.7,48.1,0,F
5.1,81.9,87.0,4.7,74.4,1,B
9.1,86.3,77.9,4.3,84.9,1,B
2.5,98.8,41.4,8.9,53.7,0,F
4.1,75.8,93.8,5.6,69.3,1,C
7.6,66.1,87.6,8.0,80.6,1,B
2.3,89.8,96.5,5.3,64.6,1,C
0.8,63.5,80.8,7.4,50.0,0,F
2.9,71.9,72.9,7.8,60.1,1,C
1.6,53.9,59.3,7.0,43.1,0,F
9.3,51.3,95.3,6.4,85.9,1,A
8.1,98.1,90.6,6.1,80.6,1,B
6.3,91.8,33.2,5.7,66.2,1,C
8.7,84.8,31.8,8.6,72.6,1,B
8.0,70.4,56.4,8.2,73.3,1,B
1.9,58.7,86.7,8.8,62.0,1,C
8.9,57.8,99.1,4.6,90.9,1,A
5.4,62.5,40.5,7.7,60.2,1,C
8.1,77.5,71.6,8.7,71.5,1,B
9.0,85.7,56.7,4.9,72.5,1,B
3.2,83.0,97.9,4.3,65.7,1,C
1.1,64.0,88.9,7.7,56.8,0,C
2.3,97.7,88.7,6.9,68.8,1,C
4.3,86.9,62.8,8.2,61.2,1,C
8.2,77.7,59.0,4.7,74.3,1,B
8.6,80.6,49.1,8.0,71.3,1,B
0.1,71.0,33.9,5.0,34.7,0,F
5.1,62.4,90.5,4.8,63.0,1,C
4.2,67.8,86.9,4.8,61.8,1,C
2.2,87.9,100.0,8.1,63.1,1,C
1.2,50.7,99.8,7.3,53.5,0,F
3.4,55.8,68.9,6.6,60.1,1,C
9.4,52.3,83.8,5.8,77.3,1,B
3.2,52.0,96.1,8.4,74.1,1,B
5.2,92.8,89.5,6.0,77.3,1,B
7.0,85.2,47.3,8.1,69.5,1,C
3.6,73.7,61.5,6.2,54.3,0,F
9.7,54.9,39.0,5.9,72.2,1,B
9.6,74.6,96.8,6.3,88.2,1,A
2.5,73.7,72.4,5.5,57.5,0,C
5.0,58.7,46.0,7.7,65.9,1,C
3.0,71.7,77.0,6.5,59.8,0,C
2.8,69.9,73.3,5.2,62.0,1,C
0.4,80.8,55.1,8.5,45.3,0,F
6.1,81.8,37.9,5.9,60.7,1,C
5.0,52.3,77.0,6.7,70.2,1,B
0.5,68.7,66.4,8.5,46.9,0,F
2.8,81.3,84.1,7.1,71.1,1,B
9.1,75.2,66.4,4.6,81.5,1,B
2.4,92.8,89.7,8.7,65.1,1,C
1.4,82.9,68.6,7.1,57.5,0,C
4.9,58.1,69.3,5.7,65.1,1,C
9.9,53.5,91.4,4.7,87.6,1,A
2.4,82.1,58.2,8.0,49.1,0,F
6.7,51.3,39.4,7.1,55.1,0,C
7.6,79.3,32.0,6.7,63.5,1,C
2.4,97.0,82.9,8.5,65.7,1,C
7.3,78.8,73.4,7.9,78.8,1,B
3.7,69.4,79.3,4.8,62.6,1,C
6.3,82.2,44.9,5.6,58.3,0,C
6.3,72.9,39.5,5.2,61.4,1,C
5.4,77.3,31.0,7.7,58.7,0,C
0.9,97.1,54.5,4.2,52.8,0,F
8.4,69.3,71.3,6.8,81.7,1,B
3.2,98.1,57.5,7.8,64.2,1,C
1.9,95.3,60.6,8.4,59.2,0,C
0.4,59.8,93.3,5.7,53.7,0,F
5.9,53.5,54.4,8.1,53.9,0,F
6.8,55.0,66.0,4.6,67.5,1,C
0.2,50.9,84.9,8.2,51.2,0,F
5.1,54.7,57.8,4.6,58.3,0,C
2.3,84.2,73.5,6.0,53.9,0,F
6.5,53.6,90.4,8.0,69.1,1,C
1.7,65.9,96.5,4.7,63.9,1,C
6.9,92.2,40.3,5.1,66.0,1,C
3.9,51.2,94.9,7.6,67.7,1,C
9.4,90.7,64.4,7.6,84.0,1,B
1.4,64.1,48.1,7.2,45.3,0,F
3.4,55.9,62.1,7.5,58.1,0,C
1.1,84.8,98.6,6.7,61.2,1,C
9.2,81.4,64.5,5.3,80.5,1,B
8.8,93.9,53.0,5.7,76.0,1,B
2.6,86.8,74.3,4.9,58.5,0,C
6.6,90.2,46.8,8.5,67.1,1,C
8.2,64.1,35.3,6.9,65.7,1,C
5.6,58.9,39.0,6.0,52.9,0,F
5.3,87.5,39.0,6.3,64.7,1,C
2.4,90.3,40.6,8.7,48.5,0,F
0.9,99.5,39.7,4.8,46.2,0,F
9.0,70.6,74.9,6.9,79.3,1,B
9.0,68.6,42.7,6.5,76.6,1,B
6.3,88.8,54.2,7.1,69.2,1,C
3.4,67.0,92.8,4.1,68.2,1,C
3.5,96.5,63.2,8.4,57.6,0,C
7.3,92.9,76.7,8.7,81.6,1,B
9.0,71.4,42.1,6.8,74.9,1,B
8.9,87.5,43.5,7.5,75.3,1,B
7.8,87.7,32.9,8.6,72.4,1,B
